,title,n_enrolled,level,language,rating,price,sales
0,How to Learn Online,124980.0,Introductory,English,4,49.0,6124020.0
3,The Analytics Edge,129555.0,Intermediate,English,4,199.0,25781445.0
4,Marketing Analytics: Marketing Measurement Strategy,81140.0,Introductory,English,3,249.0,20203860.0
6,Leading High-Performing Teams,32847.0,Intermediate,English,1,5.0,164235.0
7,The Foundations of Happiness at Work,67073.0,Introductory,English,2,199.0,13347527.0
8,"Managing Study, Stress and Mental Health at University",23061.0,Introductory,English,1,49.0,1129989.0
9,Six Sigma: Define and Measure,92411.0,Introductory,English,3,99.0,9148689.0
10,Fat Chance: Probability from the Ground Up,66835.0,Introductory,English,2,49.0,3274915.0
11,Chasing your Dream: How to End Procrastination and Get a Job You Love,44711.0,Introductory,English,2,49.0,2190839.0
14,Ethics in Action,6366.0,Intermediate,English,1,49.0,311934.0
15,Introduction to FinTech,72767.0,Introductory,English,2,199.0,14480633.0
18,The Science of Beer,39085.0,Introductory,English,2,49.0,1915165.0
19,Strategic Social Media Marketing,103640.0,Advanced,English,3,399.0,41352360.0
34,Hinduism Through Its Scriptures,140782.0,Introductory,English,4,99.0,13937418.0
36,The Health Effects of Climate Change,110024.0,Introductory,English,4,99.0,10892376.0
37,Inglés básico: conversacional y networking,79671.0,Introductory,Español,3,49.0,3903879.0
39,Science & Cooking: From Haute Cuisine to Soft Matter Science (chemistry),145011.0,Introductory,English,4,199.0,28857189.0
40,Pyramids of Giza: Ancient Egyptian Art and Archaeology,123870.0,Introductory,English,4,99.0,12263130.0
41,"PredictionX: Omens, Oracles & Prophecies",91566.0,Introductory,English,3,25.0,2289150.0
43,Lessons from Ebola: Preventing the Next Pandemic,91983.0,Introductory,English,3,49.0,4507167.0
44,Improving Global Health: Focusing on Quality and Safety,127353.0,Intermediate,English,4,99.0,12607947.0
46,Data Science: Visualization,171258.0,Introductory,English,5,49.0,8391642.0
47,Christianity Through Its Scriptures,125051.0,Introductory,English,4,99.0,12380049.0
50,Exercising Leadership: Foundational Principles,57814.0,Introductory,English,2,99.0,5723586.0
51,Data Science: Probability,135859.0,Introductory,English,4,49.0,6657091.0
53,"Prescription Drug Regulation, Cost, and Access: Current Controversies in Context",80082.0,Introductory,English,3,99.0,7928118.0
54,Introduction to Family Engagement in Education,105146.0,Introductory,English,3,70.0,7360220.0
55,Italian Language and Culture: Beginner (2019-2020),182462.0,Introductory,Italiano,5,49.0,8940638.0
56,Steps in Japanese for Beginners1 Part1,53630.0,Introductory,English,2,49.0,2627870.0
58,Energy Within Environmental Constraints,95324.0,Introductory,English,3,99.0,9437076.0
59,Introduction to Probability,97291.0,Intermediate,English,3,99.0,9631809.0
60,AnatomyX: Musculoskeletal Cases,102075.0,Intermediate,English,3,99.0,10105425.0
61,Data Science: Inference and Modeling,88256.0,Introductory,English,3,49.0,4324544.0
62,Strengthening Community Health Worker Programs,58626.0,Introductory,English,2,79.0,4631454.0
63,Buddhism Through Its Scriptures,182295.0,Introductory,English,5,99.0,18047205.0
65,"Bioethics: The Law, Medicine, and Ethics of Reproductive Technologies and Genetics",81221.0,Introductory,English,3,99.0,8040879.0
66,Shakespeare's Life and Work,48938.0,Introductory,English,2,49.0,2397962.0
67,Marketing Digital: Content & Community Manager,112623.0,Introductory,Español,4,49.0,5518527.0
68,Accounting and Finance,88243.0,Intermediate,English,3,150.0,13236450.0
69,Computing in Python I: Fundamentals and Procedural Programming,141966.0,Introductory,English,4,99.0,14054634.0
70,"Nutrition, Exercise and Sports",51679.0,Intermediate,English,2,49.0,2532271.0
71,Becoming an Entrepreneur,104760.0,Introductory,English,3,69.0,7228440.0
72,"Religion, Conflict and Peace",74060.0,Introductory,English,3,49.0,3628940.0
73,"Tangible Things: Discovering History Through Artworks, Artifacts, Scientific Specimens, and the Stuff Around You",61139.0,Introductory,English,2,49.0,2995811.0
75,Data Science: Capstone,62803.0,Introductory,English,2,99.0,6217497.0
76,Basics of Computing and Programming,37045.0,Introductory,English,2,200.0,7409000.0
77,"Fundamentals of Neuroscience, Part 2: Neurons and Networks",84874.0,Introductory,English,3,99.0,8402526.0
78,Successful Negotiation: Essential Strategies and Skills,31369.0,Introductory,English,1,49.0,1537081.0
79,Data Science: Linear Regression,75310.0,Introductory,English,3,49.0,3690190.0
81,Data Science: Productivity Tools,66683.0,Introductory,English,2,49.0,3267467.0
82,Introduction to Corporate Finance,98093.0,Introductory,English,3,225.0,22070925.0
83,Computer Science 101,39540.0,Introductory,English,2,149.0,5891460.0
84,Data Science: Wrangling,64584.0,Introductory,English,2,49.0,3164616.0
86,AI for Everyone: Master the Basics,49340.0,Introductory,English,2,49.0,2417660.0
87,The Psychology of Criminal Justice,110086.0,Introductory,English,4,99.0,10898514.0
88,Machine Learning with Python: A Practical Introduction,80161.0,Introductory,English,3,39.0,3126279.0
89,Analyzing Data with Python,94079.0,Introductory,English,3,39.0,3669081.0
90,Excel: gestión de datos,111785.0,Intermediate,Español,4,75.0,8383875.0
92,"Fundamentals of Neuroscience, Part 3: The Brain",85034.0,Introductory,English,3,99.0,8418366.0
93,Sikhism Through Its Scriptures,44125.0,Introductory,English,2,99.0,4368375.0
94,Upper-Intermediate English: Business and Modern Life,77991.0,Intermediate,English,3,50.0,3899550.0
96,Religious Literacy: Traditions and Scriptures,96972.0,Introductory,English,3,99.0,9600228.0
97,Programación para todos (empezando con Python),81004.0,Introductory,Español,3,49.0,3969196.0
98,Analyzing and Visualizing Data with Power BI,28879.0,Introductory,English,1,99.0,2859021.0
99,High-Dimensional Data Analysis,78443.0,Advanced,English,3,149.0,11688007.0
100,Introduction To Music Theory,67029.0,Introductory,English,2,49.0,3284421.0
101,Human Anatomy,126850.0,Introductory,English,4,139.0,17632150.0
102,"CitiesX: The Past, Present and Future of Urban Life",76874.0,Introductory,English,3,99.0,7610526.0
103,The Path to Happiness: What Chinese Philosophy Teaches us about the Good Life,24208.0,Introductory,English,1,99.0,2396592.0
104,Entrepreneurship 101: Who is your customer?,41838.0,Introductory,English,2,49.0,2050062.0
105,"U.S. Public Policy: Social, Economic, and Foreign Policies",44045.0,Introductory,English,2,49.0,2158205.0
106,Machine Learning with Python: from Linear Models to Deep Learning,85561.0,Advanced,English,3,300.0,25668300.0
107,Introduction to Data Science,43766.0,Introductory,English,2,39.0,1706874.0
108,Circuits and Electronics 1: Basic Circuit Analysis,52639.0,Introductory,English,2,169.0,8895991.0
110,Improving Your Business Through a Culture of Health,54136.0,Introductory,English,2,99.0,5359464.0
111,Introduction to Linear Models and Matrix Algebra,92004.0,Intermediate,English,3,149.0,13708596.0
112,DO Your Venture: Entrepreneurship For Everyone,61989.0,Introductory,English,2,150.0,9298350.0
113,El valor de la creatividad y la innovación: La Economía Naranja,23728.0,Introductory,Español,1,25.0,593200.0
114,Humanitarian Response to Conflict and Disaster,119891.0,Introductory,English,4,99.0,11869209.0
115,"Women Making History: Ten Objects, Many Stories",38939.0,Introductory,English,2,99.0,3854961.0
116,Masterpieces of World Literature,88789.0,Introductory,English,3,149.0,13229561.0
117,SQL for Data Science,39184.0,Introductory,English,2,39.0,1528176.0
118,El cerebro y las emociones en el lenguaje,41279.0,Introductory,Español,2,49.0,2022671.0
119,Science & Cooking: From Haute Cuisine to Soft Matter Science (physics),62673.0,Introductory,English,2,169.0,10591737.0
120,Python: aprender a programar,21613.0,Introductory,Español,1,49.0,1059037.0
121,Marketing Analytics: Competitive Analysis and Market Segmentation,70682.0,Intermediate,English,2,249.0,17599818.0
122,MalariaX: Defeating Malaria from the Genes to the Globe,37598.0,Intermediate,English,2,49.0,1842302.0
123,Entrepreneurship in Emerging Economies,113602.0,Introductory,English,4,125.0,14200250.0
124,JavaScript Introduction,160112.0,Introductory,English,5,199.0,31862288.0
125,People Management,113592.0,Introductory,English,4,150.0,17038800.0
126,Using Email for Networking in English,57208.0,Introductory,English,2,149.0,8523992.0
127,Databases: Relational Databases and SQL,20502.0,Introductory,English,1,50.0,1025100.0
128,C Programming: Getting Started,104108.0,Introductory,English,3,49.0,5101292.0
129,Supply Chain Analytics,145049.0,Introductory,English,4,199.0,28864751.0
130,Programming for the Web with JavaScript,91406.0,Intermediate,English,3,149.0,13619494.0
131,Introduction to Digital Humanities,37501.0,Introductory,English,2,99.0,3712599.0
132,Upper-Intermediate English: Business and Industry,103704.0,Intermediate,English,3,50.0,5185200.0
133,EmSAT English Preparation - Level 1,29101.0,Introductory,English,1,49.0,1425949.0
135,Empathy and Emotional Intelligence at Work,45867.0,Introductory,English,2,199.0,9127533.0
136,Design Thinking and Creativity for Innovation,47549.0,Intermediate,English,2,5.0,237745.0
137,China and Communism,69104.0,Introductory,English,2,139.0,9605456.0
138,Mandarin Chinese Level 1,56040.0,Introductory,English,2,149.0,8349960.0
139,Introduction to Biology - The Secret of Life,147512.0,Introductory,English,5,150.0,22126800.0
140,Photoshop: una herramienta para presentaciones innovadoras,22969.0,Introductory,Español,1,19.0,436411.0
141,Causal Diagrams: Draw Your Assumptions Before Your Conclusions,50949.0,Introductory,English,2,99.0,5043951.0
143,Shakespeare’s Othello: The Moor,31868.0,Introductory,English,1,49.0,1561532.0
144,Basic Spanish 2: One Step Further,67687.0,Introductory,English,2,50.0,3384350.0
145,Financial Market Analysis,37452.0,Intermediate,English,2,25.0,936300.0
146,CS50's Computer Science for Business Professionals,73208.0,Introductory,English,3,90.0,6588720.0
147,Gobierno Digital,18883.0,Introductory,Español,1,25.0,472075.0
148,Upper-Intermediate English: Business and Globalization,58532.0,Intermediate,English,2,50.0,2926600.0
149,The Opioid Crisis in America,54805.0,Introductory,English,2,99.0,5425695.0
151,Statistical Learning,27968.0,Introductory,English,1,50.0,1398400.0
152,Introduction to Social Psychology,79365.0,Introductory,English,3,99.0,7857135.0
154,American Government: Constitutional Foundations,35504.0,Introductory,English,1,49.0,1739696.0
155,Introducción a la inversión bursátil,64261.0,Introductory,Español,2,50.0,3213050.0
156,Japanese Books: From Manuscript to Print,17581.0,Introductory,English,1,100.0,1758100.0
157,Foundations of Modern Finance  I,24108.0,Advanced,English,1,450.0,10848600.0
158,Operations Management,126093.0,Intermediate,English,4,150.0,18913950.0
159,Marketing Management,80010.0,Intermediate,English,3,150.0,12001500.0
160,Marketing enfocado en la estrategia de servicios,24618.0,Introductory,Español,1,119.0,2929542.0
161,Introduction to Marketing,169126.0,Introductory,English,5,150.0,25368900.0
163,Probability and Statistics in Data Science using Python,106286.0,Advanced,English,3,350.0,37200100.0
167,"Algorithms: Design and Analysis, Part 1",20163.0,Intermediate,English,1,149.0,3004287.0
168,Introducción al Office 365,16470.0,Introductory,Español,1,75.0,1235250.0
170,Upper-Intermediate English: Business and Technology,47451.0,Intermediate,English,2,50.0,2372550.0
171,Shakespeare's Hamlet: The Ghost,38331.0,Introductory,English,2,49.0,1878219.0
172,FlashDiet: Aprende a comer sano,48105.0,Introductory,Español,2,50.0,2405250.0
174,Introduction to Aerospace Structures and Materials,37126.0,Introductory,English,2,50.0,1856300.0
175,Visualizing Data with Python,42101.0,Intermediate,English,2,39.0,1641939.0
176,Success: Practical Thinking Skills,24414.0,Introductory,English,1,50.0,1220700.0
177,English for Doing Business in Asia – Speaking,68422.0,Introductory,English,2,60.0,4105320.0
179,"Contemporary China: The People's Republic, Taiwan, and Hong Kong",66771.0,Introductory,English,2,139.0,9281169.0
180,Introduction to Clinical Psychology,57234.0,Introductory,English,2,99.0,5666166.0
181,Modern Masterpieces of World Literature,48049.0,Introductory,English,2,99.0,4756851.0
182,"Citizen Politics in America: Public Opinion, Elections, Interest Groups, and the Media",24259.0,Introductory,English,1,49.0,1188691.0
183,Applied Scrum for Agile Project Management,55293.0,Advanced,English,2,199.0,11003307.0
184,Corporate Finance,62798.0,Intermediate,English,2,150.0,9419700.0
185,Judaism Through Its Scriptures,50540.0,Introductory,English,2,99.0,5003460.0
186,Excel avanzado: importación y análisis de datos,47184.0,Advanced,Español,2,75.0,3538800.0
187,CSS Basics,95163.0,Introductory,English,3,199.0,18937437.0
188,Unlocking Information Security: Part I,19905.0,Intermediate,English,1,149.0,2965845.0
189,Becoming an Effective Leader,55937.0,Intermediate,English,2,99.0,5537763.0
190,Digital Branding and Engagement,122977.0,Intermediate,English,4,99.0,12174723.0
191,Introduction to Cybersecurity,73021.0,Introductory,English,3,199.0,14531179.0
192,General Academic English|生活英语进阶,17526.0,Introductory,English,1,49.0,858774.0
193,Gestión de personas: Recursos Humanos,19687.0,Introductory,Español,1,119.0,2342753.0
194,From Poverty to Prosperity: Understanding Economic Development,91062.0,Intermediate,English,3,149.0,13568238.0
195,Medical Terminology,31354.0,Introductory,English,1,79.0,2476966.0
196,Ancient Masterpieces of World Literature,48899.0,Introductory,English,2,99.0,4841001.0
197,Shakespeare's The Merchant of Venice: Shylock,23283.0,Introductory,English,1,49.0,1140867.0
198,Gestión del estrés y Mindfulness,15965.0,Introductory,Español,1,49.0,782285.0
199,Behavioural Economics in Action,66764.0,Introductory,English,2,139.0,9280196.0
200,Finance for Everyone: Smart Tools for Decision-Making,45029.0,Introductory,English,2,49.0,2206421.0
201,Creating Innovative Business Models,12227.0,Introductory,English,1,149.0,1821823.0
202,u.lab: Leading From the Emerging Future,79424.0,Introductory,English,3,99.0,7862976.0
203,Electric Cars: Introduction,56171.0,Intermediate,English,2,50.0,2808550.0
204,Inteligencia Artificial para todos: Domina los fundamentos,11764.0,Introductory,Español,1,49.0,576436.0
205,Marketing Analytics,55228.0,Advanced,English,2,249.0,13751772.0
207,Design Thinking Fundamentals,56446.0,Intermediate,English,2,299.0,16877354.0
208,Basic Spanish 3: Getting there,17569.0,Introductory,English,1,50.0,878450.0
209,Mi propia huerta orgánica,11346.0,Introductory,Español,1,29.0,329034.0
210,Sustainability in Architecture: An Interdisciplinary Introduction,31352.0,Intermediate,English,1,50.0,1567600.0
211,Gestión de riesgos en proyectos de desarrollo,47676.0,Intermediate,Español,2,25.0,1191900.0
212,Python Data Structures,36369.0,Introductory,English,1,49.0,1782081.0
213,The Science and Business of Biotechnology,17039.0,Intermediate,English,1,49.0,834911.0
214,Finance Essentials,63666.0,Introductory,English,2,79.0,5029614.0
215,Introduction to the Internet of Things (IoT),89421.0,Introductory,English,3,149.0,13323729.0
216,'Talk to me': Improving mental health and suicide prevention in young adults,11481.0,Introductory,English,1,139.0,1595859.0
217,Disaster Medicine Training,10937.0,Introductory,English,1,50.0,546850.0
218,Nutrition and Health: Human Microbiome,44079.0,Introductory,English,2,49.0,2159871.0
219,Customer Relationship Management,53085.0,Intermediate,English,2,50.0,2654250.0
220,Islam Through Its Scriptures,65430.0,Introductory,English,2,99.0,6477570.0
221,Mechatronics Revolution: Fundamentals and Core Concepts,11619.0,Introductory,English,1,149.0,1731231.0
222,Accounting for Decision-Making,57710.0,Intermediate,English,2,150.0,8656500.0
223,C Programming: Language Foundations,46400.0,Introductory,English,2,49.0,2273600.0
224,Big Data sin misterios,65564.0,Intermediate,Español,2,25.0,1639100.0
226,"English for Journalists, Part 1",50847.0,Intermediate,English,2,139.0,7067733.0
227,Introduction to Networking,16134.0,Introductory,English,1,150.0,2420100.0
228,Accounting Essentials,58463.0,Introductory,English,2,79.0,4618577.0
230,European Paintings: From Leonardo to Rembrandt to Goya,60734.0,Introductory,English,2,99.0,6012666.0
231,Java Programming Fundamentals,12042.0,Intermediate,English,1,49.0,590058.0
233,Data Science Tools,15627.0,Introductory,English,1,39.0,609453.0
236,International Law,91868.0,Advanced,English,3,150.0,13780200.0
237,Tourism and Travel Management,38503.0,Introductory,English,2,5.0,192515.0
238,Project Management Life Cycle,120019.0,Intermediate,English,4,150.0,18002850.0
239,Solar Energy,125069.0,Introductory,English,4,50.0,6253450.0
240,Public Speaking,10129.0,Introductory,English,1,199.0,2015671.0
241,Japanese Pronunciation for Communication,62757.0,Introductory,日本語,2,99.0,6212943.0
242,Mindfulness and Resilience to Stress at Work,33414.0,Introductory,English,1,199.0,6649386.0
243,Framing Your Communication to Inspire and Convince,49351.0,Intermediate,English,2,125.0,6168875.0
244,Business Foundations,55154.0,Introductory,English,2,150.0,8273100.0
245,The Chemistry of Life,78704.0,Introductory,English,3,49.0,3856496.0
246,Nutrition and Health: Micronutrients and Malnutrition,78266.0,Intermediate,English,3,99.0,7748334.0
247,Digital Design,12339.0,Introductory,English,1,50.0,616950.0
248,Machine Learning for Data Science and Analytics,140419.0,Introductory,English,4,99.0,13901481.0
250,Gestion de projets de développement,41663.0,Intermediate,Français,2,25.0,1041575.0
251,Product Management Fundamentals,11913.0,Introductory,English,1,199.0,2370687.0
252,International Human Rights Law,74424.0,Advanced,English,3,150.0,11163600.0
253,The Best Start in Life: Early Childhood Development for Sustainable Development,23139.0,Intermediate,English,1,49.0,1133811.0
254,Data Science and Machine Learning Capstone Project,21809.0,Intermediate,English,1,99.0,2159091.0
255,"Data Science for Construction, Architecture and Engineering",11113.0,Introductory,English,1,199.0,2211487.0
256,"Nutrition, Heart Disease and Diabetes",24986.0,Intermediate,English,1,99.0,2473614.0
257,Project Management for Development,62099.0,Intermediate,English,2,49.0,3042851.0
258,Introduction to Cloud Infrastructure Technologies,86923.0,Introductory,English,3,169.0,14689987.0
259,"Circular Fashion: Design, Science and Value in a Sustainable Clothing Industry",13566.0,Introductory,English,1,65.0,881790.0
260,Machine Learning,150855.0,Advanced,English,5,249.0,37562895.0
261,Introducción a la gestión de proyectos,98517.0,Introductory,Español,3,50.0,4925850.0
262,Free Cash Flow Analysis,36085.0,Introductory,English,1,225.0,8119125.0
263,Lean Production,55926.0,Introductory,English,2,99.0,5536674.0
264,Introduction to Algebra,131197.0,Introductory,English,4,139.0,18236383.0
265,"LaTeX for Students, Engineers, and Scientists",11823.0,Introductory,English,1,139.0,1643397.0
266,Leading With Effective Communication (Inclusive Leadership Training),107770.0,Introductory,English,3,50.0,5388500.0
267,Anatomy: Musculoskeletal and Integumentary Systems,51969.0,Introductory,English,2,49.0,2546481.0
268,"Inglés empresarial: ventas, gestión y liderazgo",10897.0,Introductory,English,1,49.0,533953.0
269,Business Strategy from Wharton: Competitive Advantage,26675.0,Intermediate,English,1,199.0,5308325.0
270,Inteligencia emocional para el liderazgo efectivo y colaboración,14726.0,Introductory,Español,1,49.0,721574.0
272,"Six Sigma: Analyze, Improve, Control",56016.0,Introductory,English,2,99.0,5545584.0
273,Introducción a la inteligencia emocional,18830.0,Introductory,Español,1,49.0,922670.0
274,AP® Microeconomics,53664.0,Introductory,English,2,49.0,2629536.0
275,Engineering Calculus and Differential Equations,21535.0,Introductory,English,1,50.0,1076750.0
276,Linear Algebra - Foundations to Frontiers,88570.0,Intermediate,English,3,49.0,4339930.0
277,Habilidades de negociación y comunicación efectiva,19614.0,Introductory,Español,1,149.0,2922486.0
278,Effective Communication for Today's Leader,8862.0,Intermediate,English,1,149.0,1320438.0
279,Electric Cars: Technology,40972.0,Intermediate,English,2,50.0,2048600.0
280,Site Planning Online,12948.0,Intermediate,English,1,99.0,1281852.0
281,Macroeconometric Forecasting,69358.0,Intermediate,English,2,25.0,1733950.0
282,Administración pública y fiscal: cómo se gestiona un gobierno,49189.0,Introductory,Español,2,25.0,1229725.0
284,Algorithms,61722.0,Intermediate,English,2,149.0,9196578.0
285,Calculus Applied!,54976.0,Intermediate,English,2,99.0,5442624.0
286,Precalculus,55576.0,Intermediate,English,2,49.0,2723224.0
287,Fundamentos de anatomía y técnica quirúrgica básica,12133.0,Introductory,Español,1,49.0,594517.0
288,Business Communications,60713.0,Introductory,English,2,150.0,9106950.0
289,Italian Language and Culture: Intermediate (2019-2020),35058.0,Intermediate,Italiano,1,49.0,1717842.0
290,International Women's Health and Human Rights,9796.0,Introductory,English,1,50.0,489800.0
291,Blockchain: Understanding Its Uses and Implications,66769.0,Introductory,English,2,199.0,13287031.0
294,Basics of Power BI,8314.0,Introductory,English,1,49.0,407386.0
295,Preparing to Network in English,34337.0,Introductory,English,1,149.0,5116213.0
296,Mandarin Chinese Essentials,36665.0,Introductory,English,2,99.0,3629835.0
297,Human Rights: The Rights of Refugees,84270.0,Introductory,English,3,49.0,4129230.0
298,What do Architects and Urban Planners do?,11046.0,Introductory,English,1,49.0,541254.0
299,"U.S. Political Institutions: Congress, Presidency, Courts, and Bureaucracy",22723.0,Introductory,English,1,49.0,1113427.0
300,Negotiation Skills and Effective Communication,8146.0,Intermediate,English,1,149.0,1213754.0
301,AP® English Literature & Composition – Part 1: Stories,15650.0,Introductory,English,1,49.0,766850.0
302,"Viruses & How to Beat Them: Cells, Immunity, Vaccines",28710.0,Introductory,English,1,149.0,4277790.0
303,Alianzas: un vehículo para lograr el desarrollo sostenible,17554.0,Introductory,Español,1,25.0,438850.0
304,Designing and Creating Skirts,13954.0,Introductory,English,1,99.0,1381446.0
305,Cómo Aprender Online,7958.0,Introductory,Español,1,49.0,389942.0
306,Computing in Python II: Control Structures,31511.0,Introductory,English,1,99.0,3119589.0
307,Facebook Ads: Cómo utilizar el poder de la publicidad en Facebook,29614.0,Introductory,Español,1,49.0,1451086.0
308,Machine Learning Fundamentals,82008.0,Advanced,English,3,350.0,28702800.0
309,Pre-University Calculus,103224.0,Introductory,English,3,50.0,5161200.0
310,Tsinghua Chinese: Start Talking with 1.3 Billion People,58834.0,Introductory,English,2,49.0,2882866.0
311,Deep Learning with Python and PyTorch,36195.0,Intermediate,English,1,99.0,3583305.0
312,Diseña presentaciones eficaces con Powerpoint,36663.0,Introductory,Español,2,50.0,1833150.0
313,World of Wine: From Grape to Glass,81839.0,Introductory,English,3,199.0,16285961.0
314,Sustainable Cities,16619.0,Intermediate,English,1,49.0,814331.0
315,Introduction to Developmental Psychology,38060.0,Introductory,English,2,99.0,3767940.0
316,Creativity & Entrepreneurship,69413.0,Introductory,English,2,49.0,3401237.0
317,College Algebra and Problem Solving,103010.0,Introductory,English,3,49.0,5047490.0
319,Financial Development and Financial Inclusion,13853.0,Intermediate,English,1,25.0,346325.0
320,Global Public Health,17273.0,Intermediate,English,1,49.0,846377.0
322,Introduction to Animal Behaviour,42135.0,Introductory,English,2,49.0,2064615.0
323,Circular Economy: An Introduction,50240.0,Introductory,English,2,50.0,2512000.0
324,Public Financial Management,23288.0,Intermediate,English,1,25.0,582200.0
325,Anatomy: Human Neuroanatomy,49319.0,Introductory,English,2,49.0,2416631.0
326,Android: Introducción a la Programación,85786.0,Introductory,Español,3,50.0,4289300.0
327,The Ancient Greek Hero,51744.0,Introductory,English,2,99.0,5122656.0
328,Agile Leadership Principles and Practices,31838.0,Advanced,English,1,199.0,6335762.0
329,How to Code: Simple Data,98113.0,Introductory,English,3,125.0,12264125.0
330,Cybersecurity and Privacy in the IoT,21440.0,Introductory,English,1,199.0,4266560.0
331,Strategic Management,71085.0,Introductory,English,2,150.0,10662750.0
332,Introducción a la ciencia de datos y sus aplicaciones,7303.0,Introductory,Español,1,39.0,284817.0
333,"Biochemistry: Biomolecules, Methods, and Mechanisms",18692.0,Intermediate,English,1,150.0,2803800.0
334,Astronomía Virtual,10500.0,Introductory,Español,1,29.0,304500.0
335,Nutrition and Cancer,27144.0,Intermediate,English,1,99.0,2687256.0
336,Build your very first iOS app,31570.0,Introductory,English,1,149.0,4703930.0
337,Object-Oriented Programming,93633.0,Introductory,English,3,149.0,13951317.0
338,Introduction to Jenkins,7233.0,Introductory,English,1,199.0,1439367.0
339,Conducting an Informational Interview,15594.0,Introductory,English,1,99.0,1543806.0
340,Liderazgo y comportamiento organizacional,21419.0,Introductory,Español,1,149.0,3191431.0
341,Creative Coding,18660.0,Introductory,English,1,249.0,4646340.0
342,Análisis estadístico con Excel,22717.0,Introductory,Español,1,49.0,1113133.0
344,Computer Graphics,98553.0,Intermediate,English,3,99.0,9756747.0
345,Data Science: Computational Thinking with Python,78232.0,Introductory,English,3,199.0,15568168.0
346,Comunicación efectiva para el líder actual,18470.0,Introductory,Español,1,149.0,2752030.0
347,Debate y argumentación,10954.0,Introductory,Español,1,49.0,536746.0
348,Deep Learning with Tensorflow,37564.0,Intermediate,English,2,99.0,3718836.0
349,Machine Learning (aprendizaje automático) con Python: una introducción práctica,39155.0,Introductory,Español,2,49.0,1918595.0
350,Essential Human Biology: Cells and Tissues,67961.0,Introductory,English,2,169.0,11485409.0
351,"Writing, Presenting and Submitting Scientific Papers in English | 英文科技论文写作与学术报告",35720.0,Intermediate,English,1,49.0,1750280.0
352,Computing in Python III: Data Structures,27239.0,Introductory,English,1,99.0,2696661.0
353,Introduction to Internet of Things (IoT),6703.0,Introductory,English,1,49.0,328447.0
354,Nutrition and Health: Food Risks,51493.0,Introductory,English,2,49.0,2523157.0
355,Mechanics: Kinematics and Dynamics,35529.0,Intermediate,English,1,49.0,1740921.0
357,Introduction to Data Analytics for Managers,39113.0,Introductory,English,2,49.0,1916537.0
358,Qualitative Research Methods: Conversational Interviewing,21972.0,Intermediate,English,1,49.0,1076628.0
359,International Project Management,45145.0,Advanced,English,2,150.0,6771750.0
360,Software Development Fundamentals,51402.0,Intermediate,English,2,149.0,7658898.0
361,"First Nights - Stravinsky’s Rite of Spring: Modernism, Ballet, and Riots",17484.0,Introductory,English,1,49.0,856716.0
362,Critical Thinking & Problem Solving,6558.0,Introductory,English,1,199.0,1305042.0
363,Data Analysis Essentials,42262.0,Introductory,English,2,79.0,3338698.0
365,Work and Employment for a Sustainable Future,6528.0,Intermediate,English,1,49.0,319872.0
366,Foundations of Data Structures,54075.0,Intermediate,English,2,149.0,8057175.0
367,"Financial Programming and Policies, Part 1: Macroeconomic Accounts & Analysis",31024.0,Intermediate,English,1,25.0,775600.0
368,IoT System Design: Software and Hardware Integration,13608.0,Intermediate,English,1,99.0,1347192.0
369,English for Doing Business in Asia – Writing,44252.0,Introductory,English,2,60.0,2655120.0
370,Working in Teams: A Practical Guide,43981.0,Introductory,English,2,49.0,2155069.0
371,Introducción a los encofrados y las cimbras en obra civil y edificación,16029.0,Introductory,Español,1,50.0,801450.0
372,AI Chatbots without Programming,35440.0,Introductory,English,1,99.0,3508560.0
373,Introducción a la Ciencia de Datos y el Big Data,16268.0,Intermediate,Español,1,49.0,797132.0
374,Just Money: Banking as if Society Mattered,25553.0,Introductory,English,1,49.0,1252097.0
375,Introducción a R,6431.0,Introductory,Español,1,49.0,315119.0
376,Computing in Python IV: Objects & Algorithms,28112.0,Introductory,English,1,99.0,2783088.0
377,Adobe Illustrator: aprende a crear presentaciones de impacto,18613.0,Introductory,Español,1,15.0,279195.0
378,Teaching Critical Thinking through Art with the National Gallery of Art,18595.0,Introductory,English,1,25.0,464875.0
379,Word intermedio: herramientas de formato y productividad,10265.0,Intermediate,Español,1,50.0,513250.0
380,Introducción a las finanzas: Principios de valoración,17344.0,Intermediate,Español,1,49.0,849856.0
381,Aprende a diseñar jardines verticales y cuadros vivos,6341.0,Introductory,Español,1,29.0,183889.0
382,"Anatomy: Cardiovascular, Urinary, and Respiratory Systems",36917.0,Introductory,English,2,49.0,1808933.0
383,Software Engineering: Introduction,35524.0,Advanced,English,1,125.0,4440500.0
384,Structure of Materials,13042.0,Intermediate,English,1,150.0,1956300.0
385,Fundamentos de fotografía documental,13036.0,Introductory,Español,1,49.0,638764.0
386,AP® Italian Language and Culture (2020-2021),39398.0,Advanced,Italiano,2,49.0,1930502.0
387,Computer Hardware and Operating Systems,9715.0,Introductory,English,1,150.0,1457250.0
388,Marketing Management,43415.0,Advanced,English,2,214.0,9290810.0
389,You Can Innovate: User  Innovation & Entrepreneurship,18974.0,Introductory,English,1,49.0,929726.0
391,Bases Matemáticas: Álgebra,35811.0,Introductory,Español,1,50.0,1790550.0
392,HTML5 Apps and Games,86850.0,Advanced,English,3,199.0,17283150.0
393,MATLAB and Octave for Beginners,68706.0,Introductory,English,2,139.0,9550134.0
395,The Divine Comedy: Dante's Journey to Freedom,12005.0,Introductory,English,1,49.0,588245.0
396,Linux Basics: The Command Line Interface,32726.0,Introductory,English,1,49.0,1603574.0
397,Entrepreneurial Operations: Launching a Startup,23808.0,Intermediate,English,1,149.0,3547392.0
398,Maths Essentials,44642.0,Introductory,English,2,79.0,3526718.0
399,"Marketing Analytics: Products, Distribution and Sales",50588.0,Intermediate,English,2,249.0,12596412.0
400,Marketing Innovative Products and Services,6293.0,Introductory,English,1,149.0,937657.0
403,Comunicación y Redacción Digital,7165.0,Introductory,Español,1,29.0,207785.0
404,Monetary Policy Analysis and Forecasting,6616.0,Advanced,English,1,25.0,165400.0
405,Basic Analytical Chemistry,19010.0,Introductory,English,1,49.0,931490.0
406,Identifying Entrepreneurial Opportunities,11922.0,Introductory,English,1,149.0,1776378.0
407,"ChinaX Book Club: Five Authors, Five Books, Five Views of China",5855.0,Introductory,English,1,139.0,813845.0
408,Astrophysics: Cosmology,83322.0,Intermediate,English,3,50.0,4166100.0
409,Japanese Culture and Language (I) |日语与日本文化（1）,18489.0,Introductory,中文,1,139.0,2569971.0
410,COVID-19 Training for Healthcare Workers,5742.0,Introductory,English,1,10.0,57420.0
411,The Rise of Superheroes and Their Impact On Pop Culture,31368.0,Introductory,English,1,50.0,1568400.0
412,Introduction to Aeronautical Engineering,99971.0,Introductory,English,3,50.0,4998550.0
413,Diseño de Jardines,5683.0,Introductory,Español,1,29.0,164807.0
414,"Introducción al griego clásico: lengua, nombres y mitología",18849.0,Introductory,Español,1,49.0,923601.0
415,Deep Learning Fundamentals with Keras,32140.0,Intermediate,English,1,99.0,3181860.0
416,Existential Well-being Counseling: A Person-centered Experiential Approach,48439.0,Introductory,English,2,49.0,2373511.0
417,Solid Waste Management,7668.0,Introductory,English,1,5.0,38340.0
418,Retail Fundamentals,37558.0,Intermediate,English,2,99.0,3718242.0
419,Greatest Unsolved Mysteries of the Universe,93965.0,Intermediate,English,3,50.0,4698250.0
420,"Money Markets, Foreign Exchange and Time Value of Money",12230.0,Introductory,English,1,199.0,2433770.0
421,Gestión de Contenidos Digitales y Marketing Turístico de Ciudad,14627.0,Introductory,Español,1,49.0,716723.0
422,Designing the User Experience,6416.0,Introductory,English,1,199.0,1276784.0
423,Introduction to Bioconductor,36370.0,Intermediate,English,1,149.0,5419130.0
424,Connected Strategy,10355.0,Intermediate,English,1,199.0,2060645.0
425,Hybrid Vehicles,18294.0,Advanced,English,1,249.0,4555206.0
426,First Nights - Handel's Messiah and Baroque Oratorio,18029.0,Introductory,English,1,49.0,883421.0
427,Statistical Inference and Modeling for High-throughput Experiments,51590.0,Intermediate,English,2,149.0,7686910.0
428,First Nights - Monteverdi’s L’Orfeo and the Birth of Opera,13300.0,Introductory,English,1,49.0,651700.0
429,18th-Century Opera: Handel & Mozart,18331.0,Introductory,English,1,99.0,1814769.0
430,Introduction to video game development with Unity,7605.0,Intermediate,English,1,50.0,380250.0
431,Best Practices for Project Management Success,46610.0,Intermediate,English,2,150.0,6991500.0
432,Fundamentos de la Tecnología Blockchain,5473.0,Introductory,Español,1,49.0,268177.0
433,Información financiera y su análisis,5473.0,Advanced,Español,1,49.99,273595.27
434,Coaching Skills for Learner-Centred Conversations,8089.0,Introductory,English,1,49.0,396361.0
435,Intellectual Property Law and Policy: Part 1,43993.0,Intermediate,English,2,169.0,7434817.0
436,Robotics,68199.0,Advanced,English,2,249.0,16981551.0
437,La gestion des ressources humaines,6824.0,Introductory,Français,1,99.0,675576.0
438,Writing for Social Justice,9927.0,Introductory,English,1,50.0,496350.0
439,Steps in Japanese for Beginners1 Part2,8080.0,Introductory,English,1,99.0,799920.0
440,Case Studies in Functional Genomics,26850.0,Advanced,English,1,149.0,4000650.0
441,Essential Career Skills for Investment Banking and Finance,11655.0,Introductory,English,1,49.0,571095.0
442,Data Structures and Software Design,30609.0,Intermediate,English,1,149.0,4560741.0
443,Unconscious Bias: From Awareness to Action,26659.0,Introductory,English,1,49.0,1306291.0
444,Cybersecurity for Critical Urban Infrastructure,5306.0,Advanced,English,1,100.0,530600.0
445,"Agile Process, Project, and Program Controls",16339.0,Advanced,English,1,199.0,3251461.0
446,Risk Management in Development Projects,13263.0,Intermediate,English,1,25.0,331575.0
447,"Pintura europea: Leonardo, Rembrandt, Goya",32635.0,Introductory,Español,1,29.0,946415.0
448,Risk & Return,21970.0,Introductory,English,1,225.0,4943250.0
449,Project Management of Engineering Projects: Preparing for Success,42834.0,Intermediate,English,2,99.0,4240566.0
450,Supply Chain Dynamics,75464.0,Advanced,English,3,299.0,22563736.0
452,Financial Accounting Made Fun: Eliminating Your Fears,36787.0,Introductory,English,2,199.0,7320613.0
454,Gestión de operaciones,9512.0,Introductory,Español,1,119.0,1131928.0
455,Microeconomics & Business,10962.0,Introductory,English,1,79.0,865998.0
456,Inteligencia artificial: Chatbots sin programación,5001.0,Introductory,Español,1,49.0,245049.0
457,Diseño e innovación de modelo de negocios,7180.0,Advanced,Español,1,99.0,710820.0
460,Gestão de riscos em projetos,8771.0,Intermediate,Português,1,25.0,219275.0
461,Vocal Recording Technology,52369.0,Introductory,English,2,49.0,2566081.0
463,IoT Sensors and Devices,33072.0,Introductory,English,1,199.0,6581328.0
464,Introducción a las tecnologías para la Educación,31533.0,Introductory,Español,1,49.0,1545117.0
465,Fundamentos de la guitarra eléctrica y acústica,13124.0,Introductory,Español,1,49.0,643076.0
466,e-Learning on Digital Agriculture,6238.0,Introductory,English,1,5.0,31190.0
467,Exploring GraphQL: A Query Language for APIs,9503.0,Introductory,English,1,149.0,1415947.0
468,EmSAT English Preparation - Level 2,7346.0,Intermediate,English,1,49.0,359954.0
469,The Data Science Method,7868.0,Introductory,English,1,39.0,306852.0
470,"Plato, Socrates, and the Birth of Western Philosophy | 西方哲学精神探源",21291.0,Introductory,English,1,49.0,1043259.0
471,"Cosmic Rays, Dark Matter, and the Mysteries of the Universe",12888.0,Intermediate,English,1,49.0,631512.0
472,Macroeconomic Diagnostics,23408.0,Intermediate,English,1,25.0,585200.0
473,BioStatistics,14937.0,Introductory,English,1,79.0,1180023.0
474,Results-Based Project Management: Monitoring and Evaluation,32810.0,Intermediate,English,1,199.0,6529190.0
475,Estrategias y estilos de negociación,12639.0,Introductory,Español,1,149.0,1883211.0
476,Políticas efectivas de desarrollo infantil,64387.0,Intermediate,Español,2,25.0,1609675.0
477,Alzheimer’s Disease & Dementia Care,5763.0,Intermediate,English,1,49.0,282387.0
479,Sign Language Science: Emergence and Evolution of Sign Language,8313.0,Introductory,English,1,99.0,822987.0
480,International Humanitarian Law,31419.0,Advanced,English,1,150.0,4712850.0
482,Introduction to Astrophysics,20802.0,Introductory,English,1,139.0,2891478.0
483,Epidemics I,10618.0,Introductory,English,1,139.0,1475902.0
485,Fundamentals of Macroeconomics,17820.0,Introductory,English,1,129.0,2298780.0
486,"Blockchain and FinTech: Basics, Applications, and Limitations",22011.0,Introductory,English,1,199.0,4380189.0
487,Molecular Biology - Part 2: Transcription and Transposition,18168.0,Advanced,English,1,99.0,1798632.0
488,"One Planet, One Ocean",12166.0,Intermediate,English,1,49.0,596134.0
489,Reputation Management in a Digital World,39672.0,Intermediate,English,2,99.0,3927528.0
490,Google Ads: publicidad efectiva,12084.0,Introductory,Español,1,49.0,592116.0
492,Computer Vision Fundamentals with Watson and OpenCV,7032.0,Introductory,English,1,99.0,696168.0
493,Japanese Business Management,14852.0,Intermediate,English,1,129.0,1915908.0
495,Fundamentos de logística,7397.0,Introductory,Español,1,29.0,214513.0
496,Sustainable Urban Development,45760.0,Introductory,English,2,50.0,2288000.0
497,Introduction to Biomedical Imaging,56485.0,Introductory,English,2,99.0,5592015.0
498,Introducción a la programación en Java: empezando a programar,23321.0,Introductory,Español,1,49.0,1142729.0
499,"Circuits and Electronics 2: Amplification, Speed, and Delay",9665.0,Intermediate,English,1,169.0,1633385.0
500,China’s Political and Intellectual Foundations: From Sage Kings to Confucius,47083.0,Introductory,English,2,139.0,6544537.0
501,Introduction to DevOps and Site Reliability Engineering,8697.0,Introductory,English,1,149.0,1295853.0
505,Digital Transformation in Business,10118.0,Advanced,English,1,214.0,2165252.0
506,Designing and Creating Trousers,7544.0,Introductory,English,1,99.0,746856.0
507,Introducción a la teoría política: conceptos y grandes pensadores,11741.0,Introductory,Español,1,59.0,692719.0
508,"Human Rights, Human Wrongs: Challenging Poverty, Vulnerability and Social Exclusion",11426.0,Intermediate,English,1,49.0,559874.0
509,Industry 4.0: How to Revolutionize your Business,28404.0,Introductory,English,1,50.0,1420200.0
510,Desafíos y oportunidades en la economía digital,47792.0,Introductory,Español,2,25.0,1194800.0
511,Pensamiento crítico: toma de decisiones razonadas,16853.0,Introductory,Español,1,149.0,2511097.0
513,Sustainable Food Security: Crop Production,35367.0,Intermediate,English,1,49.0,1732983.0
514,Network and Security Foundations,7301.0,Introductory,English,1,299.7,2188109.6999999997
515,Cannabis Cultivation and Processing,7419.0,Introductory,English,1,179.0,1328001.0
517,Data Structures Fundamentals,42381.0,Intermediate,English,2,99.0,4195719.0
518,Shaping Work of the Future,22246.0,Introductory,English,1,49.0,1090054.0
519,Introducción a la robótica e industria 4.0,7056.0,Introductory,Español,1,49.0,345744.0
521,"Design Thinking: Ideation, Iteration and Communication",14629.0,Intermediate,English,1,299.0,4374071.0
523,Crear música con tecnología,10961.0,Introductory,Español,1,49.0,537089.0
524,Análisis de datos: Diseño y Visualización de Tableros,18368.0,Intermediate,Español,1,49.0,900032.0
525,Comunicación estratégica: gestión de crisis e imagen pública,7017.0,Introductory,Español,1,49.0,343833.0
526,"Understanding Agribusiness, Value Chains, and Consumers in Global Food Systems",14052.0,Intermediate,English,1,199.0,2796348.0
527,Unlocking Information Security: Part II,6426.0,Intermediate,English,1,149.0,957474.0
528,Human Rights Defenders,27338.0,Introductory,English,1,49.0,1339562.0
529,Product Design: The Delft Design Approach,87539.0,Intermediate,English,3,79.0,6915581.0
530,Introduction to Psychology | 心理学概论,30731.0,Introductory,中文,1,139.0,4271609.0
531,Circuits and Electronics 3: Applications,9347.0,Intermediate,English,1,169.0,1579643.0
532,Vaccines: from smallpox to technologies of the future,6166.0,Intermediate,English,1,49.0,302134.0
533,Le management,6273.0,Introductory,Français,1,149.0,934677.0
534,Circular Economy for a Sustainable Built Environment,8032.0,Intermediate,English,1,50.0,401600.0
535,Agile Innovation and Problem Solving Skills,12667.0,Advanced,English,1,199.0,2520733.0
536,International Investment Law,23335.0,Advanced,English,1,150.0,3500250.0
537,Animation and CGI Motion,36827.0,Advanced,English,2,249.0,9169923.0
538,Terrorism and Counterterrorism,28580.0,Introductory,English,1,49.0,1400420.0
539,Découvrir le marketing,30030.0,Intermediate,Français,1,150.0,4504500.0
540,Solar Energy: Photovoltaic (PV) Energy Conversion,38041.0,Advanced,English,2,250.0,9510250.0
543,Information Technology Foundations,6388.0,Introductory,English,1,399.6,2552644.8000000003
545,Dealing with Power and Dynamics: Discover Your Leadership Style and Influence Stakeholders,16013.0,Intermediate,English,1,125.0,2001625.0
546,Instructional Design and Technology: Learning Theories,21296.0,Intermediate,English,1,299.0,6367504.0
548,The Math of Data Science: Linear Algebra,6746.0,Intermediate,English,1,159.0,1072614.0
550,The Hardware of a Quantum Computer,20052.0,Intermediate,English,1,79.0,1584108.0
551,Grabar y mezclar música,10856.0,Introductory,Español,1,49.0,531944.0
555,Herramientas para el Análisis de Big Data,8118.0,Intermediate,Español,1,49.0,397782.0
556,Foundations of Central Bank Law,6169.0,Intermediate,English,1,25.0,154225.0
557,C Programming: Modular Programming and Memory Management,18690.0,Introductory,English,1,49.0,915810.0
558,Enseñanza temprana de matemáticas y ciencias,8250.0,Introductory,Español,1,25.0,206250.0
559,Entrepreneurship 102: What can you do for your customer?,11275.0,Introductory,English,1,49.0,552475.0
560,Italian Language and Culture: Advanced (2019-2020),24667.0,Advanced,Italiano,1,49.0,1208683.0
562,Origins of the Human Mind,11812.0,Introductory,English,1,49.0,578788.0
565,Clinical Reasoning Process,5367.0,Introductory,English,1,149.0,799683.0
566,Datos para la efectividad de las políticas públicas,80425.0,Introductory,Español,3,25.0,2010625.0
567,Media Law,7253.0,Introductory,English,1,249.0,1805997.0
568,Líderes para la Gestión en Seguridad Ciudadana y Justicia,12826.0,Intermediate,Español,1,25.0,320650.0
569,"Diseña, fabrica y programa tu propio robot",25024.0,Introductory,Español,1,75.0,1876800.0
570,Pivoting to Online Teaching: Research and Practitioner Perspectives,5289.0,Introductory,English,1,139.0,735171.0
571,Circular Economy: An Interdisciplinary Approach,10281.0,Advanced,English,1,149.0,1531869.0
572,Calculus 1B: Integration,44669.0,Intermediate,English,2,100.0,4466900.0
573,Algorithmic Design and Techniques,40620.0,Intermediate,English,2,99.0,4021380.0
574,Drinking Water Treatment,51918.0,Intermediate,English,2,50.0,2595900.0
575,Fundamentos de información financiera y contable,7789.0,Intermediate,Español,1,49.0,381661.0
576,Les principes de la finance,44037.0,Intermediate,Français,2,150.0,6605550.0
577,Music Technology Foundations,34550.0,Introductory,English,1,169.0,5838950.0
578,The Entrepreneurial Mindset,31077.0,Introductory,English,1,149.0,4630473.0
580,Risk Management and Credit Principles,9028.0,Advanced,English,1,199.0,1796572.0
581,Steps in Japanese for Beginners1 Part3,6169.0,Introductory,English,1,99.0,610731.0
582,Structural Materials: Selection and Economics,9752.0,Introductory,English,1,50.0,487600.0
583,Algorithm Design and Analysis,39137.0,Intermediate,English,2,149.0,5831413.0
585,Mandarin Chinese for Business,12384.0,Intermediate,English,1,149.0,1845216.0
586,Bases Matemáticas: Números y terminología,26060.0,Intermediate,Español,1,50.0,1303000.0
587,Arab-Islamic History: From Tribes to Empires,17321.0,Introductory,English,1,149.0,2580829.0
588,Human-Computer Interaction I: Fundamentals & Design Principles,9010.0,Introductory,English,1,99.0,891990.0
592,Analytics for Decision Making,31031.0,Introductory,English,1,249.0,7726719.0
594,Energy Principles and Renewable Energy,19520.0,Advanced,English,1,375.0,7320000.0
595,DNA: Biology’s Genetic Code,35162.0,Intermediate,English,1,169.0,5942378.0
596,Music For Wellness,19728.0,Introductory,English,1,49.0,966672.0
597,Mining Massive Datasets,5311.0,Advanced,English,1,149.0,791339.0
600,Introducción a la Inteligencia Artificial,11184.0,Introductory,Español,1,49.0,548016.0
602,Digital Security and Human Rights,11443.0,Introductory,English,1,49.0,560707.0
603,Critical thinking: reasoned decision making,6923.0,Introductory,English,1,149.0,1031527.0
604,Introduction to the Internet of Things,7581.0,Introductory,English,1,50.0,379050.0
607,Design Thinking: Empathizing to Understand the Problem,13340.0,Intermediate,English,1,299.0,3988660.0
609,Marketing Analytics: Price and Promotion Analytics,41021.0,Intermediate,English,2,249.0,10214229.0
610,Implementation of Data Structures,27761.0,Intermediate,English,1,149.0,4136389.0
611,Activism and Citizen Journalism through Media,7460.0,Introductory,English,1,49.0,365540.0
612,Electric and Conventional Vehicles,22089.0,Advanced,English,1,249.0,5500161.0
613,Big Data Fundamentals,40106.0,Intermediate,English,2,199.0,7981094.0
614,Sustainable Food Security: The value of systems thinking,26600.0,Introductory,English,1,49.0,1303400.0
616,Uso efectivo del tiempo,6409.0,Introductory,Español,1,49.0,314041.0
617,C Programming: Pointers and Memory Management,19171.0,Introductory,English,1,49.0,939379.0
618,Astrophysics: The Violent Universe,65711.0,Intermediate,English,2,50.0,3285550.0
619,Landscape Ecology,8644.0,Intermediate,English,1,50.0,432200.0
620,IoT Programming and Big Data,21591.0,Introductory,English,1,199.0,4296609.0
621,AWS: Getting Started with Cloud Security,8192.0,Introductory,English,1,49.0,401408.0
622,Introducción a la gravedad cuántica de lazos,7360.0,Introductory,Español,1,50.0,368000.0
623,Introduction to the Music Business,46607.0,Introductory,English,2,49.0,2283743.0
625,Visualización de Datos y Storytelling,5980.0,Intermediate,Español,1,49.0,293020.0
627,"Feeding a Hungry Planet: Agriculture, Nutrition and Sustainability",10488.0,Intermediate,English,1,49.0,513912.0
629,Fundamentals of Financial Mathematics and Capital Budgeting,5410.0,Introductory,English,1,99.0,535590.0
630,Gestión participativa: motivación y liderazgo organizacional,23441.0,Intermediate,Español,1,79.0,1851839.0
633,Energía eléctrica: conceptos y principios básicos,9762.0,Intermediate,Español,1,49.0,478338.0
634,Market Segmentation Analysis,17055.0,Intermediate,English,1,99.0,1688445.0
636,AP® English Literature & Composition – Part 2: Poems,5719.0,Introductory,English,1,49.0,280231.0
637,"Electrical, Optical & Magnetic Materials and Devices",16905.0,Intermediate,English,1,150.0,2535750.0
639,How to Design a Successful Business Model,33656.0,Introductory,English,1,99.0,3331944.0
641,Agile Software Development,37158.0,Introductory,English,2,50.0,1857900.0
642,Diseño de sistemas de información gerencial para intranet con Microsoft Access,9144.0,Intermediate,Español,1,49.0,448056.0
644,Gestão de Projetos de Desenvolvimento,28337.0,Introductory,Português,1,49.0,1388513.0
645,Innovation: From Plan to Product,12918.0,Intermediate,English,1,249.0,3216582.0
647,Climate Change: Carbon Capture and Storage,10551.0,Introductory,English,1,49.0,516999.0
648,Reservoir Geomechanics,5280.0,Introductory,English,1,129.0,681120.0
650,IoT System Architecture: Design and Evaluation,5914.0,Introductory,English,1,99.0,585486.0
651,Noongar Language and Culture,10858.0,Introductory,English,1,139.0,1509262.0
653,Sustainable Food Security: Food Access,18943.0,Introductory,English,1,49.0,928207.0
654,Bases Matemáticas: Integrales,23703.0,Introductory,Español,1,50.0,1185150.0
655,Epidemics II,8565.0,Introductory,English,1,139.0,1190535.0
656,Derechos humanos: Los derechos de las personas refugiadas,28398.0,Introductory,Español,1,49.0,1391502.0
658,Big Data Analytics,43009.0,Intermediate,English,2,199.0,8558791.0
660,ODS en la Agenda 2030 de las Naciones Unidas: Retos de los Objetivos de Desarrollo Sostenible,16028.0,Introductory,Español,1,25.0,400700.0
665,How to Achieve the Sustainable Development Goals,12719.0,Intermediate,English,1,49.0,623231.0
666,Aprendizaje y Enseñanza en la Era Digital,16954.0,Intermediate,Español,1,49.0,830746.0
667,From Atoms to Stars: How Physics Explains Our World,15914.0,Intermediate,English,1,49.0,779786.0
673,"Architecture, Algorithms, and Protocols of a Quantum Computer and Quantum Internet",8330.0,Intermediate,English,1,79.0,658070.0
674,Contemporary Issues in World Politics,11426.0,Introductory,English,1,59.0,674134.0
675,More Fun with Prime Numbers,10604.0,Intermediate,English,1,49.0,519596.0
676,Enterprise Selling,5020.0,Introductory,English,1,149.0,747980.0
677,Climate Change: Financial Risks and Opportunities,9977.0,Intermediate,English,1,79.0,788183.0
678,Caer o No caer. El Secreto de las Estructuras.,20939.0,Introductory,Español,1,29.0,607231.0
679,Mandarin Chinese Level 2,8784.0,Introductory,English,1,149.0,1308816.0
680,Design Thinking: Prototyping and User Testing,10769.0,Intermediate,English,1,299.0,3219931.0
681,Bases Matemáticas: Derivadas,24301.0,Introductory,Español,1,50.0,1215050.0
682,Buscar en Internet,27320.0,Introductory,Español,1,49.0,1338680.0
683,Big Data and Education,14909.0,Advanced,English,1,169.0,2519621.0
684,Model-Based Automotive Systems Engineering,13857.0,Advanced,English,1,249.0,3450393.0
685,Introduction to Hyperledger Blockchain Technologies,138884.0,Introductory,English,4,199.0,27637916.0
688,Mercados de capital y participantes claves,7210.0,Introductory,Español,1,49.0,353290.0
689,Introducción al desarrollo de videojuegos con Unity,27474.0,Intermediate,Español,1,50.0,1373700.0
691,Herramientas de la Inteligencia de Negocios,24130.0,Introductory,Español,1,49.0,1182370.0
694,Sprint Planning for Faster Agile Team Delivery,10654.0,Advanced,English,1,199.0,2120146.0
695,Introduction to Water and Climate,36320.0,Intermediate,English,1,50.0,1816000.0
696,The Medieval Icelandic Sagas,11176.0,Intermediate,English,1,50.0,558800.0
698,Community Engagement: Collaborating for Change,11818.0,Introductory,English,1,49.0,579082.0
699,Introducción al Internet de las Cosas (IoT),6322.0,Introductory,Español,1,50.0,316100.0
700,"Proteins: Alignment, Analysis and Structure",23560.0,Advanced,English,1,249.0,5866440.0
701,AI Applications with Watson,9173.0,Intermediate,English,1,99.0,908127.0
702,Data Analytics and Visualization in Health Care,7304.0,Advanced,English,1,249.0,1818696.0
703,Question Everything: Scientific Thinking in Real Life,34279.0,Introductory,English,1,59.0,2022461.0
704,Introduction to Lifestyle Medicine,9002.0,Introductory,English,1,79.0,711158.0
705,"Social Work Practice with Individuals, Families, and Small Groups",16134.0,Advanced,English,1,199.0,3210666.0
706,Gateway to Medicine: An Introduction to the Field of Medicine|走近医学,6938.0,Introductory,中文,1,49.0,339962.0
707,Indian & Tibetan River of Buddhism,6738.0,Intermediate,English,1,49.99,336832.62
709,Financial Analysis for Decision Making,39156.0,Introductory,English,2,199.0,7792044.0
710,Lifestyle Medicine Treatments of Chronic Disease – Part 1,5668.0,Intermediate,English,1,179.0,1014572.0
711,Building Containerized Applications on AWS,6128.0,Intermediate,English,1,99.0,606672.0
713,Biobased Products for a Sustainable (Bio)economy,6951.0,Introductory,English,1,50.0,347550.0
714,Social Work Practice: Advocating Social Justice and Change,19603.0,Introductory,English,1,49.0,960547.0
715,Anthropology of Current World Issues,44821.0,Introductory,English,2,99.0,4437279.0
716,Buyer Behaviour and Analysis,19717.0,Advanced,English,1,199.0,3923683.0
717,Idea Development: Create and Implement Innovative Ideas,11501.0,Intermediate,English,1,249.0,2863749.0
718,Analysis of Transport Phenomena I: Mathematical Methods,9169.0,Advanced,English,1,149.0,1366181.0
719,Leading the Organization,14998.0,Intermediate,English,1,249.0,3734502.0
720,"Financial Programming and Policies, Part 2: Program Design",19330.0,Intermediate,English,1,25.0,483250.0
721,Introduction to Open Source Networking Technologies,17436.0,Introductory,English,1,169.0,2946684.0
722,Deep Learning Essentials,5018.0,Intermediate,English,1,149.0,747682.0
723,Estadística Aplicada a los Negocios,25295.0,Introductory,Español,1,49.0,1239455.0
725,Teaching & Learning in the Diverse Classroom,7104.0,Introductory,English,1,99.0,703296.0
726,Fundamentals of Microeconomics | Fundamentos de Microeconomía,18456.0,Introductory,English,1,129.0,2380824.0
728,IoT Networks and Protocols,22136.0,Introductory,English,1,199.0,4405064.0
730,China’s First Empires and the Rise of Buddhism,46053.0,Introductory,English,2,139.0,6401367.0
731,Apnea y Trastornos del Sueño,14902.0,Introductory,Español,1,49.0,730198.0
732,Educación sobre el cambio climático,23253.0,Introductory,Español,1,25.0,581325.0
734,Urban Sewage Treatment,40408.0,Intermediate,English,2,50.0,2020400.0
735,Doing Gender and Why it Matters,6826.0,Introductory,English,1,99.0,675774.0
736,Producción musical y su efecto en la composición,7869.0,Introductory,Español,1,49.0,385581.0
737,"Principle of Semiconductor Devices Part I: Semiconductors, PN Junctions and Bipolar Junction Transistors",12425.0,Intermediate,English,1,70.0,869750.0
738,"19th-Century Opera: Meyerbeer, Wagner, & Verdi",9340.0,Introductory,English,1,99.0,924660.0
739,Modelos predictivos con Machine Learning,5102.0,Intermediate,Español,1,49.0,249998.0
741,Les fondements de la stratégie d’entreprise,33021.0,Introductory,Français,1,150.0,4953150.0
742,Solar Energy: Integration of Photovoltaic Systems in Microgrids,20068.0,Advanced,English,1,250.0,5017000.0
743,"Automated Software Testing: Unit Testing, Coverage Criteria and Design for Testability",12630.0,Intermediate,English,1,99.0,1250370.0
745,Introducción a las ecuaciones diferenciales,9868.0,Intermediate,Español,1,49.0,483532.0
747,Tropical coastal ecosystems,23031.0,Introductory,English,1,99.0,2280069.0
748,Modern China’s Foundations: The Manchus and the Qing,47166.0,Introductory,English,2,139.0,6556074.0
751,Autonomous Mobile Robots,62362.0,Intermediate,English,2,50.0,3118100.0
752,Gestión por resultados para gobiernos subnacionales,65955.0,Introductory,Español,2,25.0,1648875.0
753,Introduction to Sociology,10412.0,Introductory,English,1,139.0,1447268.0
755,Desafios e oportunidades na economia digital,6913.0,Introductory,Português,1,25.0,172825.0
756,"Cellular Solids Part 1: Structures, Properties and Engineering Applications",7186.0,Advanced,English,1,99.0,711414.0
757,Introduction to Statistical Methods for Gene Mapping,15419.0,Advanced,English,1,49.0,755531.0
759,Mandarin Chinese Level 3,8418.0,Intermediate,English,1,149.0,1254282.0
761,Data for Effective Policy Making,13797.0,Introductory,English,1,25.0,344925.0
762,C Programming: Using Linux Tools and Libraries,13912.0,Intermediate,English,1,49.0,681688.0
763,Lernen objekt-orientierter Programmierung,10657.0,Introductory,Deutsch,1,49.0,522193.0
764,Cybersecurity: The CISO's View,21507.0,Introductory,English,1,199.0,4279893.0
766,"Instructional Design: Digital Media, New Tools and Technology",16419.0,Intermediate,English,1,299.0,4909281.0
767,Molecular Biology – Part 3: RNA Processing and Translation,16520.0,Advanced,English,1,99.0,1635480.0
768,Power and Responsibility: Doing Philosophy with Superheroes,8517.0,Introductory,English,1,49.0,417333.0
769,Aprendizaje automático y ciencia de datos,13994.0,Intermediate,Español,1,50.0,699700.0
770,Sustainable Urban Freight Transport: A Global Perspective,7769.0,Introductory,English,1,50.0,388450.0
772,Técnicas Cuantitativas y Cualitativas para la Investigación,29885.0,Intermediate,Español,1,65.0,1942525.0
773,Strategic Applications of IT Project & Program Management,17914.0,Introductory,English,1,199.0,3564886.0
774,Advanced Bioconductor,26063.0,Advanced,English,1,149.0,3883387.0
776,Análisis e interpretación de información económica y financiera,5891.0,Intermediate,Español,1,49.0,288659.0
780,Hong Kong Cinema through a Global Lens | 全球化下的香港电影,12458.0,Introductory,English,1,50.0,622900.0
781,Image Processing and Analysis for Life Scientists,8621.0,Intermediate,English,1,199.0,1715579.0
783,Globalization: Past and Future,10127.0,Introductory,English,1,25.0,253175.0
784,Star Trek: Inspiring Culture and Technology,6521.0,Introductory,English,1,40.0,260840.0
785,Qué funciona en educación: políticas educativas basadas en evidencia,15701.0,Introductory,Español,1,25.0,392525.0
787,Tools for Academic Engagement in Public Policy,5035.0,Introductory,English,1,199.0,1001965.0
788,Theory of Change for Development,10736.0,Introductory,English,1,199.0,2136464.0
792,Natural Resources for Sustainable Development,9668.0,Intermediate,English,1,49.0,473732.0
793,Omnichannel Strategy and Management,15860.0,Intermediate,English,1,99.0,1570140.0
794,General Overview of Cannabis and the Industry’s Outlook and Professions,5048.0,Introductory,English,1,199.0,1004552.0
795,Amazon SageMaker: Simplifying Machine Learning Application Development,11765.0,Intermediate,English,1,99.0,1164735.0
796,Formulación y nomenclatura de compuestos químicos,12748.0,Introductory,Español,1,49.0,624652.0
797,Introducción a la factura electrónica,5829.0,Intermediate,Español,1,49.9,290867.1
798,Demand and Supply Analytics,23585.0,Intermediate,English,1,249.0,5872665.0
799,Advanced Algorithmics and Graph Theory with Python,13502.0,Intermediate,English,1,49.0,661598.0
801,Diagramas UML estructurales para la Ingeniería del Software,5820.0,Introductory,Español,1,50.0,291000.0
803,Fundamentos de Mecánica para Ingeniería,14219.0,Introductory,Español,1,49.0,696731.0
804,Leadership and Management for PM Practitioners in IT,21949.0,Introductory,English,1,199.0,4367851.0
805,Entrepreneurship 103: Show Me The Money,15184.0,Introductory,English,1,300.0,4555200.0
806,Historia de la ética,9383.0,Introductory,Español,1,29.0,272107.0
809,Introducción a los circuitos eléctricos,11953.0,Intermediate,Español,1,49.0,585697.0
810,AP® Physics 1: Challenging Concepts,12145.0,Introductory,English,1,49.0,595105.0
811,Introduction to Java Programming – Part 2,71203.0,Introductory,English,2,99.0,7049097.0
812,AP® Macroeconomics,29433.0,Introductory,English,1,49.0,1442217.0
813,Climate Change Education,12056.0,Introductory,English,1,25.0,301400.0
815,Applied Deep Learning Capstone Project,8429.0,Advanced,English,1,99.0,834471.0
816,FinTech Ethics and Risks,10696.0,Introductory,English,1,199.0,2128504.0
817,User Experience (UX) Design: Human Factors and Culture in Design | 设计的人因与文化,23828.0,Advanced,English,1,139.0,3312092.0
818,The Conquest of Space: Space Exploration and Rocket Science,19926.0,Introductory,English,1,129.0,2570454.0
820,What Works in Education: Evidence-Based Education Policies,5540.0,Introductory,English,1,25.0,138500.0
821,Electric Cars: Business,14199.0,Intermediate,English,1,50.0,709950.0
823,Mechanics: Momentum and Energy,14846.0,Intermediate,English,1,49.0,727454.0
824,Co-Creating Sustainable Cities,12415.0,Advanced,English,1,49.0,608335.0
826,Introduction to Animal Ethics,6608.0,Introductory,English,1,49.0,323792.0
828,Grant Writing and Crowdfunding for Public Libraries,12853.0,Introductory,English,1,49.0,629797.0
829,Leading Ambitious Teaching and Learning,24273.0,Advanced,English,1,199.0,4830327.0
833,Introducción a la Estructura de la Materia,11859.0,Introductory,Español,1,25.0,296475.0
834,"Batteries, Fuel Cells, and their Role in Modern Society",11865.0,Introductory,English,1,49.0,581385.0
835,Communication Skills for Dialoguing Across Difference,60943.0,Introductory,English,2,25.0,1523575.0
836,Social Media: How Media Got Social,13616.0,Introductory,English,1,139.0,1892624.0
837,"Portfolio Management, Governance, & the PMO",17299.0,Introductory,English,1,199.0,3442501.0
838,edX101: Overview of Creating an edX Course,22327.0,Introductory,English,1,99.0,2210373.0
840,Data Analysis for Decision Making,8342.0,Advanced,English,1,214.0,1785188.0
841,UML Class Diagrams for Software Engineering,33710.0,Introductory,English,1,49.0,1651790.0
842,Driving Digital Innovation through Experimentation,16904.0,Advanced,English,1,399.0,6744696.0
843,Compilation Basics for Macroeconomic Statistics,6570.0,Introductory,English,1,25.0,164250.0
844,Seguridad Vial en América Latina y el Caribe: de la teoría a la acción,20189.0,Introductory,Español,1,25.0,504725.0
845,From Fossil Resources to Biomass: A Chemistry Perspective,5464.0,Advanced,English,1,149.0,814136.0
846,System Dynamics for Health Sciences,15157.0,Intermediate,English,1,139.0,2106823.0
849,Introduction to Psychological Research Methods,17087.0,Introductory,English,1,99.0,1691613.0
850,Sustainable Packaging in a Circular Economy,6277.0,Intermediate,English,1,50.0,313850.0
851,Design in Healthcare: Using Patient Journey Mapping,17946.0,Introductory,English,1,129.0,2315034.0
853,"Electronic, Optical, and Magnetic Properties of Materials",9717.0,Advanced,English,1,150.0,1457550.0
855,Risk Management for Projects,22269.0,Introductory,English,1,199.0,4431531.0
856,Smithsonian’s Objects That Define America,9071.0,Introductory,English,1,50.0,453550.0
857,Creating Modern China: The Republican Period to the Present,43045.0,Introductory,English,2,139.0,5983255.0
858,Discover Political Science,6573.0,Intermediate,English,1,50.0,328650.0
859,Data Science: Inferential Thinking through Simulations,17505.0,Introductory,English,1,199.0,3483495.0
860,Programming for Data Science,41268.0,Introductory,English,2,199.0,8212332.0
862,Sensor Fusion and Non-linear Filtering for Automotive Systems,9709.0,Advanced,English,1,299.0,2902991.0
864,First Nights - Berlioz’s Symphonie Fantastique and Program Music in the 19th Century,8222.0,Introductory,English,1,49.0,402878.0
865,The Quantum Internet and Quantum Computers: How Will They Change the World?,15014.0,Introductory,English,1,50.0,750700.0
866,Research Methods: An Engineering Approach,20444.0,Introductory,English,1,169.0,3455036.0
868,Rise to Leadership: Become a CEO,16719.0,Intermediate,English,1,199.0,3327081.0
869,Building a Cybersecurity Toolkit,23275.0,Introductory,English,1,199.0,4631725.0
872,Life with Diabetes,12318.0,Introductory,English,1,139.0,1712202.0
873,Human Reproduction,5517.0,Intermediate,English,1,169.0,932373.0
874,Enabling Technologies for Data Science and Analytics: The Internet of Things,71290.0,Introductory,English,2,99.0,7057710.0
875,Astrophysics: Exploring Exoplanets,48539.0,Intermediate,English,2,50.0,2426950.0
879,Diseño y Desarrollo de Recursos Multimedia para la Enseñanza Virtual,14266.0,Intermediate,Español,1,49.0,699034.0
880,Introduction to Cloud Foundry and Cloud Native Software Architecture,24444.0,Introductory,English,1,169.0,4131036.0
883,The Supreme Court & American Politics,6216.0,Introductory,English,1,29.0,180264.0
885,Inversión Extranjera como Motor del Desarrollo para América Latina y el Caribe,16423.0,Intermediate,Español,1,25.0,410575.0
886,Liderazgo en la empresa familiar,10969.0,Intermediate,Español,1,49.0,537481.0
887,Comparative Political Systems,6934.0,Introductory,English,1,59.0,409106.0
889,Cloud Computing for Enterprises,27241.0,Intermediate,English,1,299.0,8145059.0
890,Diversity and Social Justice in Social Work,11055.0,Advanced,English,1,199.0,2199945.0
891,Public Library Marketing and Public Relations,7525.0,Introductory,English,1,49.0,368725.0
892,"Healthcare Finance, Economics and Risk",8006.0,Intermediate,English,1,199.0,1593194.0
893,Reacciones Químicas y Cálculos Estequiométricos,8907.0,Introductory,Español,1,49.0,436443.0
895,VideoX: Creating Video for the edX Platform,12159.0,Introductory,English,1,99.0,1203741.0
901,Sustainable Development: The Post-Capitalist Order,7031.0,Introductory,English,1,49.0,344519.0
902,"Health Law, Policy, and Advocacy",6358.0,Intermediate,English,1,199.0,1265242.0
906,Cómo Convertirse en un Líder Exitoso (Entrenamiento de Liderazgo Inclusivo),11431.0,Introductory,Español,1,50.0,571550.0
908,AP® Calculus BC,8542.0,Introductory,English,1,49.0,418558.0
911,Agua en América Latina: Abundancia en medio de la escasez mundial,38581.0,Introductory,Español,2,25.0,964525.0
912,Understanding Political Concepts,7421.0,Introductory,English,1,59.0,437839.0
913,How to Code: Complex Data,34190.0,Introductory,English,1,125.0,4273750.0
914,Hypersonics – from Shock Waves to Scramjets,19043.0,Advanced,English,1,99.0,1885257.0
915,Micro and Nanofabrication (MEMS),16094.0,Advanced,English,1,199.0,3202706.0
916,Scientific Methods and Research,7501.0,Intermediate,English,1,49.0,367549.0
917,Customer Centric Marketing for Entrepreneurs,14003.0,Intermediate,English,1,149.0,2086447.0
918,Dog Behavior: Problems and Solutions,16467.0,Intermediate,English,1,169.0,2782923.0
919,The Business of Mining,20406.0,Introductory,English,1,139.0,2836434.0
920,"Social Work Practice in Community Organization, Management and Policy/Evaluation",9522.0,Advanced,English,1,199.0,1894878.0
922,Understanding the Australian Health Care System,8343.0,Introductory,English,1,59.0,492237.0
923,Age of Sustainable Development,10019.0,Intermediate,English,1,49.0,490931.0
925,Multi-Object Tracking for Automotive Systems,8581.0,Advanced,English,1,249.0,2136669.0
927,Strategic Leadership in Healthcare,6237.0,Intermediate,English,1,199.0,1241163.0
928,Terrorism and Counterterrorism: An Introduction,14128.0,Introductory,English,1,49.0,692272.0
929,Exploring Psychology's Core Concepts|走进心理学,5741.0,Introductory,English,1,139.0,797999.0
930,Creating Virtual Reality (VR) Apps,22349.0,Intermediate,English,1,99.0,2212551.0
934,Dynamics and Control,27763.0,Introductory,English,1,50.0,1388150.0
935,Finding Your Cybersecurity Career Path,19283.0,Introductory,English,1,199.0,3837317.0
936,Introducción a la caligrafía y paleografía en archivos hispanos medievales y modernos,12674.0,Introductory,Español,1,29.0,367546.0
937,Mechanics: Rotational Dynamics,13183.0,Intermediate,English,1,49.0,645967.0
941,Liderazgo orientado al florecimiento humano,7911.0,Introductory,Español,1,149.0,1178739.0
942,Software Construction: Object-Oriented Design,23100.0,Intermediate,English,1,125.0,2887500.0
945,The Civil War and Reconstruction - 1861 - 1865: A New Birth of Freedom,17941.0,Introductory,English,1,50.0,897050.0
948,Designing and Leading Learning Systems,11895.0,Advanced,English,1,199.0,2367105.0
949,How the U.S. Government Works & How to Get Involved,5930.0,Introductory,English,1,49.0,290570.0
950,Inspiring and Motivating Arts and Culture Teams,10817.0,Introductory,English,1,49.0,530033.0
952,A System View of Communications: From Signals to Packets (Part 1),34261.0,Introductory,English,1,60.0,2055660.0
953,"Invasions, Rebellions, and the Fall of Imperial China",41537.0,Introductory,English,2,139.0,5773643.0
954,AP® English Literature & Composition – Part 3: Plays,6443.0,Introductory,English,1,49.0,315707.0
955,Cómo implantar grupos de mejora de procesos,28100.0,Introductory,Español,1,150.0,4215000.0
956,Proteins: Biology's Workforce,25893.0,Intermediate,English,1,169.0,4375917.0
957,Introducción a los ritmos y relojes biológicos,6149.0,Introductory,Español,1,50.0,307450.0
959,"Fundamentals of Biomedical Imaging: Ultrasounds, X-ray, positron emission tomography (PET) and applications",10205.0,Advanced,English,1,169.0,1724645.0
960,Fundamentos de Electromagnetismo para Ingeniería,15040.0,Introductory,Español,1,49.0,736960.0
961,Sustainable Food Systems: A Mediterranean Perspective,6480.0,Intermediate,English,1,49.0,317520.0
963,Using GPUs to Scale and Speed-up Deep Learning,9294.0,Intermediate,English,1,99.0,920106.0
964,StudioX: Creating a Course with edX Studio,20355.0,Introductory,English,1,99.0,2015145.0
966,Introducción a las ondas gravitacionales,8657.0,Introductory,Español,1,50.0,432850.0
969,Global China: From the Mongols to the Ming,41902.0,Introductory,English,2,139.0,5824378.0
972,Computational Neuroscience: Neuronal Dynamics of Cognition,11246.0,Advanced,English,1,139.0,1563194.0
973,Cities and the Challenge of Sustainable Development,8775.0,Introductory,English,1,25.0,219375.0
